Date,Time,NumberOfVehicles
09/15/24,02:35:29,0
09/15/24,02:46:22,0
09/15/24,03:04:52,1
09/15/24,03:18:26,0
09/15/24,03:24:31,0
09/15/24,03:27:19,0
09/15/24,03:33:57,0
09/15/24,03:42:51,0
09/15/24,03:50:23,0
09/15/24,03:54:02,0
09/15/24,03:55:13,0
09/15/24,04:00:58,0
09/15/24,04:07:01,0
09/15/24,04:15:15,0
09/15/24,04:17:45,0
09/15/24,04:20:43,0
09/15/24,04:21:32,0
09/15/24,10:51:08,17
09/15/24,10:53:30,17
09/15/24,11:03:33,17
09/15/24,12:00:29,14
09/15/24,12:42:33,27
09/15/24,13:02:01,23
09/15/24,13:04:04,0
09/15/24,13:06:07,17
09/15/24,13:20:36,22
09/15/24,13:22:40,22
09/15/24,13:24:44,22
09/15/24,13:26:48,22
09/15/24,13:43:05,21
09/15/24,13:53:33,0
09/15/24,13:55:37,19
09/15/24,14:02:01,19
09/15/24,14:07:21,30
09/15/24,14:12:14,30
09/15/24,14:14:18,30
09/15/24,14:17:14,30
09/15/24,14:19:18,30
09/15/24,14:21:22,20
09/15/24,14:23:26,20
09/15/24,14:25:29,20
09/15/24,14:27:33,20
09/15/24,14:29:36,20
09/15/24,14:31:39,20
09/15/24,14:33:43,20
09/15/24,14:35:47,31
09/15/24,14:37:51,31
09/15/24,14:39:54,31
09/15/24,14:41:58,31
09/15/24,14:44:01,31
09/15/24,14:49:06,0
09/15/24,14:51:09,23
09/15/24,15:08:49,19
09/15/24,15:24:31,21
09/15/24,15:26:52,20
09/15/24,15:31:16,20
09/15/24,15:47:57,27
09/15/24,15:59:44,23
09/15/24,16:16:00,20
09/15/24,16:31:28,24
09/15/24,16:37:29,24
09/15/24,16:55:15,18
09/15/24,17:11:08,18
09/15/24,17:17:21,18
09/15/24,17:34:09,21
09/15/24,17:42:40,21
09/15/24,17:56:57,16
09/15/24,18:14:29,5
09/15/24,18:29:33,15
09/15/24,18:46:38,7
09/15/24,18:55:14,11
09/15/24,19:09:49,12
09/15/24,19:14:56,12
09/15/24,19:24:02,0
09/15/24,19:40:34,11
09/17/24,03:24:45,0
09/17/24,21:25:31,5
09/17/24,23:10:16,2
09/17/24,23:12:29,2
09/17/24,23:14:41,1
09/17/24,23:16:53,2
09/17/24,23:19:05,1
09/17/24,23:21:17,1
09/17/24,23:23:29,1
09/17/24,23:25:41,1
09/17/24,23:27:53,1
09/17/24,23:30:04,1
09/17/24,23:32:16,1
09/17/24,23:34:28,1
09/17/24,23:36:40,1
09/17/24,23:38:53,1
09/17/24,23:41:05,1
09/17/24,23:43:17,1
09/17/24,23:45:29,1
09/17/24,23:47:41,1
09/17/24,23:49:53,1
09/17/24,23:52:05,2
09/17/24,23:54:18,2
09/17/24,23:56:30,2
09/17/24,23:58:42,0
09/18/24,00:00:57,2
09/18/24,00:03:09,2
09/18/24,00:05:21,1
09/18/24,00:09:45,1

09/18/24,00:11:57,1

09/18/24,00:14:09,1

09/18/24,00:16:22,1

09/18/24,00:18:35,1

09/18/24,00:20:47,1

09/18/24,00:23:00,1

09/18/24,00:25:13,1

09/18/24,00:27:25,1

09/18/24,00:29:38,1

09/18/24,00:31:51,1

09/18/24,00:34:04,1

09/18/24,00:36:17,0

09/18/24,00:38:30,0

09/18/24,00:40:42,0

09/18/24,00:42:55,0

09/18/24,00:45:08,0

09/18/24,00:47:20,0

09/19/24,07:50:52,37
09/19/24,07:53:07,37
09/19/24,07:55:22,36
09/19/24,07:57:36,36
09/19/24,07:59:51,36
09/19/24,08:02:06,37
09/19/24,08:04:22,43
09/19/24,08:06:38,43
09/19/24,08:08:53,43
09/19/24,08:11:08,43
09/19/24,08:13:24,43
09/19/24,08:15:39,43
09/19/24,08:17:54,43
09/19/24,08:20:09,34
09/19/24,08:22:25,34
09/19/24,08:24:41,34
09/19/24,08:26:56,34
09/19/24,08:29:12,34
09/19/24,08:31:27,34
09/19/24,08:33:43,34
09/19/24,08:35:59,43
09/19/24,08:38:14,43
09/19/24,08:40:29,43
09/19/24,08:42:45,43
09/19/24,08:45:01,43
09/19/24,08:47:16,43
09/19/24,08:49:32,43
09/19/24,08:51:47,44
09/19/24,08:54:03,44
09/19/24,08:56:18,44
09/19/24,08:58:33,44
09/19/24,09:00:49,44
09/19/24,09:03:04,44
09/19/24,09:05:20,38
09/19/24,09:07:35,38
09/19/24,09:09:51,38
09/19/24,09:12:06,36
09/19/24,09:14:21,36
09/19/24,09:16:37,36
09/19/24,09:18:52,38
09/19/24,09:21:07,35
09/19/24,09:23:23,35
09/19/24,09:25:38,35
09/19/24,09:27:54,35
09/19/24,09:30:09,35
09/19/24,09:32:24,35
09/19/24,09:34:39,35
09/19/24,09:36:55,33
09/19/24,09:39:10,34
09/19/24,09:41:26,33
09/19/24,09:43:41,33
09/19/24,09:45:57,33
09/19/24,09:48:12,34
09/19/24,09:50:28,36
09/19/24,09:52:44,36
09/19/24,09:54:59,36
09/19/24,09:57:14,36
09/19/24,09:59:30,36
09/19/24,10:01:45,36
09/19/24,10:04:01,36
09/19/24,10:06:17,24
09/19/24,10:08:32,24
09/19/24,10:10:49,24
09/19/24,10:13:04,24
09/19/24,10:15:19,24
09/19/24,10:17:34,24
09/19/24,10:19:49,33
09/19/24,10:22:04,33
09/19/24,10:24:19,32
09/19/24,10:26:34,32
09/19/24,10:28:49,32
09/19/24,10:31:06,33
09/19/24,10:33:22,32
09/19/24,10:35:38,28
09/19/24,10:37:53,28
09/19/24,10:40:08,28
09/19/24,10:42:25,28
09/19/24,10:44:41,28
09/19/24,10:46:56,28
09/19/24,10:49:13,28
09/19/24,10:51:29,28
09/19/24,10:53:44,28
09/19/24,10:56:00,28
09/19/24,10:58:16,28
09/19/24,11:00:31,28
09/19/24,11:02:47,28
09/19/24,11:05:03,29
09/19/24,11:07:19,29
09/19/24,11:09:35,29
09/19/24,11:11:51,26
09/19/24,11:14:07,26
09/19/24,11:16:24,26
09/19/24,11:18:39,26
09/19/24,11:20:55,26
09/19/24,11:23:11,26
09/19/24,11:25:27,26
09/19/24,11:27:45,25
09/19/24,11:30:01,25
09/19/24,11:32:16,25
09/19/24,11:34:32,25
09/19/24,11:36:48,23
09/19/24,11:39:03,24
09/19/24,11:41:19,23
09/19/24,11:43:35,23
09/19/24,11:45:51,24
09/19/24,11:48:06,23
09/19/24,11:50:22,33
09/19/24,11:52:38,34
09/19/24,11:54:54,33
09/19/24,11:57:09,33
09/19/24,11:59:25,34
09/19/24,12:01:41,33
09/19/24,12:03:57,26
09/19/24,12:06:13,26
09/19/24,12:08:29,26
09/19/24,12:10:44,26
09/19/24,12:13:00,26
09/19/24,12:15:16,26
09/19/24,12:17:31,26
09/19/24,12:19:47,26
09/19/24,12:22:02,28
09/19/24,12:24:18,29
09/19/24,12:26:33,29
09/19/24,12:28:49,29
09/19/24,12:31:04,28
09/19/24,12:33:20,28
09/19/24,12:35:37,20
09/19/24,12:37:52,20
09/19/24,12:40:08,20
09/19/24,12:42:23,20
09/19/24,12:44:39,20
09/19/24,12:46:55,20
09/19/24,12:49:11,20
09/19/24,12:51:27,15
09/19/24,12:53:43,15
09/19/24,12:55:59,15
09/19/24,12:58:15,15
09/19/24,13:00:31,15
09/19/24,13:02:46,15
09/19/24,13:05:02,22
09/19/24,13:07:17,22
09/19/24,13:09:32,22
09/19/24,13:11:48,22
09/19/24,13:14:03,22
09/19/24,13:16:19,22
09/19/24,13:18:34,22
09/19/24,13:20:50,21
09/19/24,13:23:06,21
09/19/24,13:25:22,21
09/19/24,13:27:38,21
09/19/24,13:29:54,21
09/19/24,13:32:09,21
09/19/24,13:34:25,23
09/19/24,13:36:40,24
09/19/24,13:38:56,23
09/19/24,13:41:11,23
09/19/24,13:43:27,23
09/19/24,13:45:42,24
09/19/24,13:47:58,24
09/19/24,13:50:13,24
09/19/24,13:52:29,27
09/19/24,13:54:45,27
09/19/24,13:57:00,27
09/19/24,13:59:16,27
09/19/24,14:01:31,27
09/19/24,14:03:47,27
09/19/24,14:06:03,20
09/19/24,14:08:18,20
09/19/24,14:10:33,20
09/19/24,14:12:49,20
09/19/24,14:15:04,20
09/19/24,14:17:19,20
09/19/24,14:19:34,20
09/19/24,14:21:50,24
09/19/24,14:24:05,24
09/19/24,14:26:21,24
09/19/24,14:28:36,24
09/19/24,14:30:51,24
09/19/24,14:33:07,24
09/19/24,14:35:23,21
09/19/24,14:37:39,21
09/19/24,14:39:54,21
09/19/24,14:42:09,21
09/19/24,14:44:24,21
09/19/24,14:46:40,21
09/19/24,14:48:56,26
09/19/24,14:51:12,26
09/19/24,14:53:27,26
09/19/24,14:55:42,26
09/19/24,14:57:57,26
09/19/24,15:00:12,26
09/19/24,15:02:28,26
09/19/24,15:04:43,26
09/19/24,15:06:58,14
09/19/24,15:09:14,14
09/19/24,15:11:29,14
09/19/24,15:13:45,14
09/19/24,15:16:01,14
09/19/24,15:18:16,14
09/19/24,15:20:32,28
09/19/24,15:22:47,28
09/19/24,15:25:03,28
09/19/24,15:27:18,28
09/19/24,15:29:33,28
09/19/24,15:31:49,28
09/19/24,15:34:04,28
09/19/24,15:36:19,17
09/19/24,15:38:35,17
09/19/24,15:40:50,17
09/19/24,15:43:06,17
09/19/24,15:45:22,17
09/19/24,15:47:37,17
09/19/24,15:49:54,17
09/19/24,15:52:09,16
09/19/24,15:54:24,16
09/19/24,15:56:39,15
09/19/24,15:58:55,16
09/19/24,16:01:11,15
09/19/24,16:03:27,16
09/19/24,16:05:42,25
09/19/24,16:07:58,25
09/19/24,16:10:15,25
09/19/24,16:12:30,25
09/19/24,16:14:46,25
09/19/24,16:17:01,25
09/19/24,16:19:17,17
09/19/24,16:21:33,17
09/19/24,16:23:49,17
09/19/24,16:26:05,17
09/19/24,16:28:21,17
09/19/24,16:30:36,17
09/19/24,16:32:51,17
09/19/24,16:35:08,25
09/19/24,16:37:23,25
09/19/24,16:39:38,25
09/19/24,16:41:54,25
09/19/24,16:44:09,25
09/19/24,16:46:25,25
09/19/24,16:48:41,25
09/19/24,16:50:56,25
09/19/24,16:53:13,26
09/19/24,16:55:28,26
09/19/24,16:57:44,26
09/19/24,16:59:59,26
09/19/24,17:02:14,26
09/19/24,17:04:30,26
09/19/24,17:06:46,12
09/19/24,17:09:02,12
09/19/24,17:11:17,12
09/19/24,17:13:33,12
09/19/24,17:15:48,12
09/19/24,17:18:04,12
09/19/24,17:20:20,12
09/19/24,17:22:36,19
09/19/24,17:24:51,19
09/19/24,17:27:07,19
09/19/24,17:29:22,19
09/19/24,17:31:38,19
09/19/24,17:33:53,19
09/19/24,17:36:08,24
09/19/24,17:38:24,24
09/19/24,17:40:40,0
09/19/24,17:42:56,24
09/19/24,17:45:12,24
09/19/24,17:47:28,24
09/19/24,17:49:44,24
09/19/24,17:52:00,23
09/19/24,17:54:15,23
09/19/24,17:56:32,23
09/19/24,17:58:47,23
09/19/24,18:01:03,23
09/19/24,18:03:18,23
09/19/24,18:05:34,24
09/19/24,18:07:49,24
09/19/24,18:10:05,24
09/19/24,18:12:20,24
09/19/24,18:14:35,24
09/19/24,18:16:51,24
09/19/24,18:19:06,18
09/19/24,18:21:22,18
09/19/24,18:23:38,20
09/19/24,18:25:54,20
09/19/24,18:28:09,18
09/19/24,18:30:26,20
09/19/24,18:32:42,18
09/19/24,18:34:57,20
09/19/24,18:37:13,35
09/19/24,18:39:29,35
09/19/24,18:41:44,34
09/19/24,18:44:00,34
09/19/24,18:46:15,35
09/19/24,18:48:31,35
09/19/24,18:50:47,32
09/19/24,18:53:02,32
09/19/24,18:55:18,32
09/19/24,18:57:33,32
09/19/24,18:59:49,34
09/19/24,19:02:05,32
09/19/24,19:04:21,24
09/19/24,19:06:37,24
09/19/24,19:08:53,24
09/19/24,19:11:09,24
09/19/24,19:13:24,24
09/19/24,19:15:40,24
09/19/24,19:17:56,24
09/19/24,19:20:11,24
09/19/24,19:22:27,21
09/19/24,19:24:42,21
09/19/24,19:26:57,21
09/19/24,19:29:14,21
09/19/24,19:31:29,21
09/19/24,19:33:44,21
09/19/24,19:36:01,20
09/19/24,19:38:16,20
09/19/24,19:40:32,20
09/19/24,19:42:47,20
09/19/24,19:45:03,20
09/19/24,19:47:19,20
09/19/24,19:49:35,20
09/19/24,19:51:51,5
09/19/24,19:54:06,6
09/19/24,19:56:22,0
09/19/24,19:58:37,6
09/19/24,20:00:53,5
09/19/24,20:03:09,6
09/19/24,20:05:24,5
09/19/24,20:07:40,5
09/19/24,20:09:55,5
09/19/24,20:12:11,5
09/19/24,20:14:26,5
09/19/24,20:16:43,5
09/19/24,20:18:59,1
09/19/24,20:21:15,1
09/19/24,20:23:30,1
09/19/24,20:25:45,1
09/19/24,20:28:01,1
09/19/24,20:30:17,1
09/19/24,20:32:32,1
09/19/24,20:34:48,1
09/19/24,20:37:04,3
09/19/24,20:39:19,3
09/19/24,20:41:35,3
09/19/24,20:43:51,3
09/19/24,20:46:07,3
09/19/24,20:48:22,12
09/19/24,20:50:38,12
09/19/24,20:52:54,11
09/19/24,20:55:09,12
09/19/24,20:57:25,11
09/19/24,20:59:40,12
09/19/24,21:01:56,11
09/19/24,21:04:11,12
09/19/24,21:06:27,5
09/19/24,21:08:43,5
09/19/24,21:10:58,5
09/19/24,21:13:13,5
09/19/24,21:15:29,5
09/19/24,21:17:44,5
09/19/24,21:19:59,7
09/19/24,21:22:15,7
09/19/24,21:24:31,7
09/19/24,21:26:47,7
09/19/24,21:29:03,7
09/19/24,21:31:18,7
09/19/24,21:33:40,7
09/19/24,21:36:01,3
09/19/24,21:38:22,3
09/19/24,21:40:43,3
09/19/24,21:43:04,3
09/19/24,21:45:26,3
09/19/24,21:47:49,3
09/19/24,21:50:09,3
09/19/24,21:52:31,2
09/19/24,21:54:52,2
09/19/24,21:57:14,2
09/19/24,21:59:35,2
09/19/24,22:01:56,2
09/19/24,22:04:17,0
09/19/24,22:06:39,0
09/19/24,22:09:00,0
09/19/24,22:11:22,0
09/19/24,22:13:43,0
09/19/24,22:16:05,0
09/19/24,22:18:26,0
09/19/24,22:20:47,1
09/19/24,22:23:09,2
09/19/24,22:25:29,1
09/19/24,22:27:51,1
09/19/24,22:30:12,2
09/19/24,22:32:32,2
09/19/24,22:34:54,2
09/19/24,22:37:15,0
09/19/24,22:39:36,0
09/19/24,22:41:58,0
09/19/24,22:44:21,0
09/19/24,22:46:42,0
09/19/24,22:49:03,0
09/19/24,22:51:24,4
09/19/24,22:53:45,4
09/19/24,22:56:06,4
09/19/24,22:58:28,4
09/19/24,23:00:50,4
09/19/24,23:03:12,4
09/19/24,23:05:34,3
09/19/24,23:07:55,3
09/19/24,23:10:16,3
09/19/24,23:12:37,3
09/19/24,23:14:58,0
09/19/24,23:17:19,3
09/19/24,23:19:41,3
09/19/24,23:22:02,0
09/19/24,23:24:24,0
09/19/24,23:26:46,0
09/19/24,23:29:07,0
09/19/24,23:31:28,0
09/19/24,23:33:49,0
09/19/24,23:36:10,2
09/19/24,23:38:31,2
09/19/24,23:40:52,2
09/19/24,23:43:12,2
09/19/24,23:45:33,2
09/19/24,23:47:54,2
09/19/24,23:50:16,0
09/19/24,23:52:37,0
09/19/24,23:54:58,0
09/19/24,23:57:18,0
09/19/24,23:59:39,0
09/20/24,00:02:05,0
09/20/24,00:04:26,0
09/20/24,00:06:48,0
09/20/24,00:09:09,0
09/20/24,00:11:30,0
09/20/24,00:13:52,0
09/20/24,00:16:13,0
09/20/24,00:18:33,0
09/20/24,00:20:55,0
09/20/24,00:23:16,0
09/20/24,00:25:37,0
09/20/24,00:27:58,0
09/20/24,00:30:19,0
09/20/24,00:32:41,0
09/20/24,00:35:03,1
09/20/24,00:37:24,1
09/20/24,00:39:46,1
09/20/24,00:42:07,1
09/20/24,00:45:07,1
09/20/24,00:47:29,1
09/20/24,00:49:49,1
09/20/24,00:52:09,0
09/20/24,00:54:29,0
09/20/24,00:56:50,0
09/20/24,00:59:11,0
09/20/24,01:01:32,0
09/20/24,01:03:53,2
09/20/24,01:06:15,2
09/20/24,01:08:37,2
09/20/24,01:10:57,2
09/20/24,01:13:18,2
09/20/24,01:15:39,2
09/20/24,01:18:00,2
09/20/24,01:20:22,1
09/20/24,01:22:43,1
09/20/24,01:25:04,1
09/20/24,01:27:25,1
09/20/24,01:29:47,1
09/20/24,01:32:08,1
09/20/24,01:34:23,1
09/20/24,01:36:38,0
09/20/24,01:38:54,0
09/20/24,01:41:09,0
09/20/24,01:43:24,0
09/20/24,01:45:39,0
09/20/24,01:47:54,0
09/20/24,01:50:08,0
09/20/24,01:52:23,0
09/20/24,01:54:38,0
09/20/24,01:56:53,0
09/20/24,01:59:08,0
09/20/24,02:01:24,0
09/20/24,02:03:40,0
09/20/24,02:05:56,0
09/20/24,02:08:11,0
09/20/24,02:10:26,0
09/20/24,02:12:41,0
09/20/24,02:14:57,0
09/20/24,02:17:12,0
09/20/24,02:19:27,0
09/20/24,02:21:42,2
09/20/24,02:23:58,2
09/20/24,02:26:13,2
09/20/24,02:28:28,2
09/20/24,02:30:43,2
09/20/24,02:32:58,2
09/20/24,02:35:13,0
09/20/24,02:37:28,0
09/20/24,02:39:43,0
09/20/24,02:41:58,0
09/20/24,02:44:13,0
09/20/24,02:46:28,0
09/20/24,02:48:43,0
09/20/24,02:50:58,0
09/20/24,02:53:13,0
09/20/24,02:55:28,0
09/20/24,02:57:43,0
09/20/24,02:59:59,0
09/20/24,03:02:14,0
09/20/24,03:04:28,0
09/20/24,03:06:44,0
09/20/24,03:08:59,0
09/20/24,03:11:14,0
09/20/24,03:13:30,0
09/20/24,03:15:45,0
09/20/24,03:18:00,0
09/20/24,03:20:15,4
09/20/24,03:22:30,4
09/20/24,03:24:45,4
09/20/24,03:27:00,4
09/20/24,03:29:15,4
09/20/24,03:31:33,4
09/20/24,03:33:49,4
09/20/24,03:36:05,2
09/20/24,03:38:20,2
09/20/24,03:40:36,2
09/20/24,03:42:51,2
09/20/24,03:45:07,2
09/20/24,03:47:22,2
09/20/24,03:49:37,2
09/20/24,03:51:52,0
09/20/24,03:54:09,0
09/20/24,03:56:24,0
09/20/24,03:58:39,0
09/20/24,04:00:54,0
09/20/24,04:03:09,0
09/20/24,04:05:25,0
09/20/24,04:07:40,0
09/20/24,04:09:56,0
09/20/24,04:12:11,0
09/20/24,04:14:28,0
09/20/24,04:16:42,0
09/20/24,04:18:57,0
09/20/24,04:21:13,0
09/20/24,04:23:29,0
09/20/24,04:25:44,0
09/20/24,04:27:59,0
09/20/24,04:30:14,0
09/20/24,04:32:29,0
09/20/24,04:34:44,0
09/20/24,04:37:01,2
09/20/24,04:39:16,2
09/20/24,04:41:31,2
09/20/24,04:43:47,2
09/20/24,04:46:02,2
09/20/24,04:48:49,0
09/20/24,04:51:04,1
09/20/24,04:53:20,1
09/20/24,04:55:36,1
09/20/24,04:57:51,1
09/20/24,05:00:06,1
09/20/24,05:02:21,1
09/20/24,05:04:37,3
09/20/24,05:06:52,3
09/20/24,05:09:07,3
09/20/24,05:11:22,3
09/20/24,05:13:37,3
09/20/24,05:15:54,3
09/20/24,05:18:08,3
09/20/24,05:20:23,3
09/20/24,05:22:42,2
09/20/24,05:24:57,2
09/20/24,05:27:12,2
09/20/24,05:29:28,2
09/20/24,05:31:43,2
09/20/24,05:34:00,2
09/20/24,05:36:15,10
09/20/24,05:38:31,10
09/20/24,05:40:46,10
09/20/24,05:43:01,10
09/20/24,05:45:16,10
09/20/24,05:47:32,10
09/20/24,05:49:48,10
09/20/24,05:52:04,6
09/20/24,05:54:19,6
09/20/24,05:56:34,6
09/20/24,05:58:49,6
09/20/24,06:01:05,6
09/20/24,06:03:20,6
09/20/24,06:05:37,4
09/20/24,06:07:52,4
09/20/24,06:10:08,4
09/20/24,06:12:23,4
09/20/24,06:15:13,4
09/20/24,06:17:28,4
09/20/24,06:19:43,4
09/20/24,06:21:58,13
09/20/24,06:24:13,13
09/20/24,06:26:35,13
09/20/24,06:28:50,13
09/20/24,06:31:05,13
09/20/24,06:33:21,13
09/20/24,06:35:38,17
09/20/24,06:37:53,17
09/20/24,06:40:09,18
09/20/24,06:42:23,18
09/20/24,06:44:38,18
09/20/24,06:47:03,17
09/20/24,06:49:18,18
09/20/24,06:51:33,26
09/20/24,06:53:48,25
09/20/24,06:56:05,25
09/20/24,06:58:20,25
09/20/24,07:00:35,26
09/20/24,07:02:51,25
09/20/24,07:05:07,30
09/20/24,07:07:24,30
09/20/24,07:09:39,30
09/20/24,07:11:54,30
09/20/24,07:14:09,30
09/20/24,07:16:30,30
09/20/24,07:18:45,30
09/20/24,07:23:08,0
09/20/24,07:25:23,31
09/20/24,07:27:38,31
09/20/24,07:29:53,31
09/20/24,07:32:07,31
09/20/24,07:34:20,31
09/20/24,07:36:34,24
09/20/24,07:38:48,25
09/20/24,07:41:02,25
09/20/24,07:43:24,24
09/20/24,07:45:38,24
09/20/24,07:47:52,25
09/20/24,07:50:07,35
09/20/24,07:52:21,35
09/20/24,07:54:35,35
09/20/24,07:56:52,34
09/20/24,07:59:06,34
09/20/24,08:01:20,35
09/20/24,08:03:34,35
09/20/24,08:05:50,10
09/20/24,08:08:06,10
09/20/24,08:10:21,10
09/20/24,08:12:37,10
09/20/24,08:14:56,10
09/20/24,08:17:12,10
09/20/24,08:19:26,10
09/20/24,08:21:45,38
09/20/24,08:24:01,38
09/20/24,08:26:16,38
09/20/24,08:28:31,38
09/20/24,08:30:47,38
09/20/24,08:33:03,38
09/20/24,08:35:18,35
09/20/24,08:37:32,35
09/20/24,08:39:46,35
09/20/24,08:42:02,35
09/20/24,08:44:17,35
09/20/24,08:46:33,35
09/20/24,08:48:48,35
09/20/24,08:51:02,49
09/20/24,08:53:18,49
09/20/24,08:55:32,49
09/20/24,08:57:48,49
09/20/24,09:00:03,49
09/20/24,09:02:18,49
09/20/24,09:04:32,49
09/20/24,09:06:46,39
09/20/24,09:09:01,39
09/20/24,09:11:17,39
09/20/24,09:13:33,39
09/20/24,09:15:47,39
09/20/24,09:18:02,39
09/20/24,09:20:17,39
09/20/24,09:22:32,30
09/20/24,09:24:46,30
09/20/24,09:27:07,29
09/20/24,09:29:22,30
09/20/24,09:31:37,29
09/20/24,09:33:53,29
09/20/24,09:36:10,36
09/20/24,09:38:26,36
09/20/24,09:40:50,36
09/20/24,09:43:05,36
09/20/24,09:45:20,36
09/20/24,09:47:35,36
09/20/24,09:49:50,36
09/20/24,09:52:04,34
09/20/24,09:54:18,34
09/20/24,09:56:33,34
09/20/24,09:58:47,34
09/20/24,10:01:02,34
09/20/24,10:03:17,34
09/20/24,10:05:32,39
09/20/24,10:07:46,39
09/20/24,10:10:01,38
09/20/24,10:12:18,39
09/20/24,10:14:38,39
09/20/24,10:16:53,39
09/20/24,10:19:07,39
09/20/24,10:21:22,26
09/20/24,10:23:37,26
09/20/24,10:25:54,26
09/20/24,10:28:08,26
09/20/24,10:30:26,26
09/20/24,10:32:41,26
09/20/24,10:34:57,16
09/20/24,10:37:16,16
09/20/24,10:39:29,16
09/20/24,10:41:43,16
09/20/24,10:43:58,16
09/20/24,10:46:14,16
09/20/24,10:48:31,22
09/20/24,10:50:45,22
09/20/24,10:52:59,22
09/20/24,10:55:13,22
09/20/24,10:57:28,22
09/20/24,10:59:42,22
09/20/24,11:01:56,22
09/20/24,11:04:10,22
09/20/24,11:06:24,28
09/20/24,11:08:41,28
09/20/24,11:11:07,28
09/20/24,11:13:24,28
09/20/24,11:15:38,28
09/20/24,11:17:52,28
09/20/24,11:20:06,21
09/20/24,11:22:20,20
09/20/24,11:24:34,21
09/20/24,11:26:48,20
09/20/24,11:29:02,20
09/20/24,11:31:16,21
09/20/24,11:33:31,21
09/20/24,11:35:45,20
09/20/24,11:37:59,20
09/20/24,11:40:13,20
09/20/24,11:42:27,20
09/20/24,11:44:41,20
09/20/24,11:46:55,20
09/20/24,11:49:09,20
09/20/24,11:51:23,21
09/20/24,11:53:38,21
09/20/24,11:55:53,21
09/20/24,11:58:08,21
09/20/24,12:00:22,21
09/20/24,12:02:36,21
09/20/24,12:04:51,21
09/20/24,12:07:05,19
09/20/24,12:09:19,19
09/20/24,12:11:34,19
09/20/24,12:13:54,19
09/20/24,12:16:08,19
09/20/24,12:18:22,19
09/20/24,12:20:36,19
09/20/24,12:22:50,27
09/20/24,12:25:05,27
09/20/24,12:27:19,27
09/20/24,12:29:34,27
09/20/24,12:31:48,27
09/20/24,12:34:04,27
09/20/24,12:36:21,15
09/20/24,12:38:35,15
09/20/24,12:40:49,15
09/20/24,12:43:04,15
09/20/24,12:45:18,15
09/20/24,12:47:32,15
09/20/24,12:49:46,15
09/20/24,12:52:22,20
09/20/24,12:54:36,20
09/20/24,12:56:50,20
09/20/24,12:59:04,19
09/20/24,13:01:18,19
09/20/24,13:03:32,20
09/20/24,13:05:46,15
09/20/24,13:08:00,15
09/20/24,13:10:29,15
09/20/24,13:12:43,15
09/20/24,13:14:57,15
09/20/24,13:17:11,15
09/20/24,13:19:25,15
09/20/24,13:22:38,26
09/20/24,13:24:51,26
09/20/24,13:27:05,26
09/20/24,13:29:21,26
09/20/24,13:31:50,26
09/20/24,13:34:04,26
09/20/24,13:36:18,22
09/20/24,13:38:32,22
09/20/24,13:40:46,22
09/20/24,13:43:00,22
09/20/24,13:45:14,22
09/20/24,13:47:28,22
09/20/24,13:49:42,22
09/20/24,13:51:56,18
09/20/24,13:54:10,18
09/20/24,13:56:29,18
09/20/24,13:58:43,18
09/20/24,14:00:57,18
09/20/24,14:03:15,18
09/20/24,14:05:29,21
09/20/24,14:07:43,21
09/20/24,14:09:56,21
09/20/24,14:12:11,21
09/20/24,14:14:25,21
09/20/24,14:16:39,21
09/20/24,14:18:56,21
09/20/24,14:21:11,12
09/20/24,14:23:33,12
09/20/24,14:25:47,12
09/20/24,14:28:01,12
09/20/24,14:30:15,12
09/20/24,14:32:29,12
09/20/24,14:34:43,12
09/20/24,14:36:58,22
09/20/24,14:39:12,22
09/20/24,14:41:27,22
09/20/24,14:43:40,22
09/20/24,14:45:54,22
09/20/24,14:48:08,22
09/20/24,14:50:22,25
09/20/24,14:52:36,25
09/20/24,14:54:50,25
09/20/24,14:57:03,25
09/20/24,14:59:17,25
09/20/24,15:01:31,25
09/20/24,15:03:48,25
09/20/24,15:06:02,11
09/20/24,15:08:16,11
09/20/24,15:10:31,11
09/20/24,15:12:45,11
09/20/24,15:14:59,11
09/20/24,15:17:17,11
09/20/24,15:19:30,11
09/20/24,15:21:45,19
09/20/24,15:24:00,19
09/20/24,15:26:15,19
09/20/24,15:28:29,19
09/20/24,15:30:43,19
09/20/24,15:32:58,19
09/20/24,15:35:12,23
09/20/24,15:37:28,23
09/20/24,15:39:42,23
09/20/24,15:41:56,23
09/20/24,15:44:10,23
09/20/24,15:46:23,23
09/20/24,15:48:37,23
09/20/24,15:50:52,22
09/20/24,15:53:05,22
09/20/24,15:55:19,22
09/20/24,15:57:33,22
09/20/24,15:59:47,22
09/20/24,16:02:01,22
09/20/24,16:04:15,22
09/20/24,16:06:30,19
09/20/24,16:08:44,19
09/20/24,16:10:59,19
09/20/24,16:13:13,19
09/20/24,16:15:28,19
09/20/24,16:17:42,19
09/20/24,16:19:55,19
09/20/24,16:22:10,22
09/20/24,16:24:24,22
09/20/24,16:26:37,22
09/20/24,16:28:51,22
09/20/24,16:31:05,22
09/20/24,16:33:20,22
09/20/24,16:35:34,24
09/20/24,16:37:48,24
09/20/24,16:40:02,24
09/20/24,16:42:17,24
09/20/24,16:44:32,24
09/20/24,16:46:46,24
09/20/24,16:48:59,24
09/20/24,16:51:14,30
09/20/24,16:53:28,30
09/20/24,16:55:41,30
09/20/24,16:58:00,30
09/20/24,17:00:14,30
09/20/24,17:02:28,31
09/20/24,17:04:42,30
09/20/24,17:06:56,20
09/20/24,17:09:10,20
09/20/24,17:11:24,20
09/20/24,17:13:38,20
09/20/24,17:15:52,20
09/20/24,17:18:06,20
09/20/24,17:20:20,20
09/20/24,17:22:34,35
09/20/24,17:24:48,35
09/20/24,17:27:02,33
09/20/24,17:29:16,35
09/20/24,17:31:30,35
09/20/24,17:33:45,35
09/20/24,17:35:59,32
09/20/24,17:38:13,33
09/20/24,17:40:27,32
09/20/24,17:42:41,33
09/20/24,17:44:55,33
09/20/24,17:47:09,33
09/20/24,17:49:23,33
09/20/24,17:51:38,30
09/20/24,17:53:52,30
09/20/24,17:56:07,30
09/20/24,17:58:21,30
09/20/24,18:00:36,30
09/20/24,18:02:51,30
09/20/24,18:05:05,16
09/20/24,18:07:19,16
09/20/24,18:09:33,16
09/20/24,18:11:47,16
09/20/24,18:14:01,16
09/20/24,18:16:16,16
09/20/24,18:18:31,16
09/20/24,18:20:46,12
09/20/24,18:23:00,12
09/20/24,18:25:14,12
09/20/24,18:27:28,12
09/20/24,18:29:43,12
09/20/24,18:31:57,12
09/20/24,18:34:12,12
09/20/24,18:36:26,14
09/20/24,18:38:41,14
09/20/24,18:40:56,14
09/20/24,18:43:10,14
09/20/24,18:45:26,14
09/20/24,18:47:40,14
09/20/24,18:49:54,14
09/20/24,18:52:09,22
09/20/24,18:54:23,22
09/20/24,18:56:37,21
09/20/24,18:58:51,22
09/20/24,19:01:05,21
09/20/24,19:03:21,22
09/20/24,19:05:35,19
09/20/24,19:07:50,19
09/20/24,19:10:06,19
09/20/24,19:12:20,19
09/20/24,19:14:36,19
09/20/24,19:16:50,19
09/20/24,19:19:04,19
09/20/24,19:21:20,26
09/20/24,19:23:34,26
09/20/24,19:25:48,26
09/20/24,19:28:02,26
09/20/24,19:30:16,26
09/20/24,19:32:31,26
09/20/24,19:34:45,26
09/20/24,19:37:00,14
09/20/24,19:39:14,14
09/20/24,19:41:28,14
09/20/24,19:43:43,14
09/20/24,19:45:57,14
09/20/24,19:48:11,14
09/20/24,19:50:25,14
09/20/24,19:52:42,17
09/20/24,19:55:01,18
09/20/24,19:57:15,18
09/20/24,19:59:30,18
09/20/24,20:01:44,17
09/20/24,20:03:58,18
09/20/24,20:06:15,12
09/20/24,20:08:30,12
09/20/24,20:10:45,12
09/20/24,20:13:00,12
09/20/24,20:15:14,12
09/20/24,20:17:28,12
09/20/24,20:19:42,12
09/20/24,20:21:57,6
09/20/24,20:24:11,6
09/20/24,20:26:25,5
09/20/24,20:28:40,6
09/20/24,20:30:54,5
09/20/24,20:33:09,6
09/20/24,20:35:26,6
09/20/24,20:37:40,6
09/20/24,20:39:55,6
09/20/24,20:42:09,6
09/20/24,20:44:24,6
09/20/24,20:46:38,6
09/20/24,20:48:52,6
09/20/24,20:51:06,6
09/20/24,20:53:22,6
09/20/24,20:55:37,6
09/20/24,20:57:51,6
09/20/24,21:00:05,6
09/20/24,21:02:19,6
09/20/24,21:04:33,6
09/20/24,21:06:48,5
09/20/24,21:09:05,5
09/20/24,21:11:23,5
09/20/24,21:13:38,5
09/20/24,21:15:53,5
09/20/24,21:18:08,5
09/20/24,21:20:26,11
09/20/24,21:22:41,11
09/20/24,21:24:56,11
09/20/24,21:27:11,11
09/20/24,21:29:26,11
09/20/24,21:31:40,11
09/20/24,21:33:55,11
09/20/24,21:36:12,2
09/20/24,21:38:26,2
09/20/24,21:40:45,2
09/20/24,21:43:12,2
09/20/24,21:45:27,2
09/20/24,21:47:42,2
09/20/24,21:49:59,3
09/20/24,21:52:13,3
09/20/24,21:54:27,3
09/20/24,21:56:42,3
09/20/24,21:58:56,3
09/20/24,22:01:10,3
09/20/24,22:03:35,3
09/20/24,22:05:51,12
09/20/24,22:08:06,12
09/20/24,22:10:25,11
09/20/24,22:12:40,12
09/20/24,22:14:58,11
09/20/24,22:17:16,11
09/20/24,22:20:33,2
09/20/24,22:22:50,2
09/20/24,22:25:04,2
09/20/24,22:27:18,2
09/20/24,22:29:33,2
09/20/24,22:31:47,2
09/20/24,22:34:03,2
09/20/24,22:36:17,8
09/20/24,22:38:31,8
09/20/24,22:40:45,8
09/20/24,22:42:59,8
09/20/24,22:45:14,8
09/20/24,22:47:28,8
09/20/24,22:49:42,8
09/20/24,22:51:56,2
09/20/24,22:54:11,2
09/20/24,22:56:25,2
09/20/24,22:58:41,2
09/20/24,23:00:57,2
09/20/24,23:03:13,2
09/20/24,23:05:28,3
09/20/24,23:07:42,3
09/20/24,23:09:57,3
09/20/24,23:12:12,3
09/20/24,23:14:56,3
09/20/24,23:17:12,3
09/20/24,23:19:29,3
09/20/24,23:21:44,5
09/20/24,23:24:00,5
09/20/24,23:26:14,6
09/20/24,23:28:28,6
09/20/24,23:30:42,6
09/20/24,23:32:56,5
09/20/24,23:35:11,3
09/20/24,23:37:30,3
09/20/24,23:39:45,3
09/20/24,23:41:59,3
09/20/24,23:44:13,3
09/20/24,23:46:27,3
09/20/24,23:48:43,3
09/20/24,23:50:58,2
09/20/24,23:53:12,2
09/20/24,23:55:26,2
09/20/24,23:57:42,2
09/20/24,23:59:57,2
